{
  "fg_index": {
    "lower": 0.2,
    "upper": 0.87,
    "mean": 0.584805525546,
    "std": 0.16914510644280464
  },
  "funding_rate": {
    "lower": -0.00058516,
    "upper": 0.0006816660000000112,
    "mean": 6.677178540553067e-05,
    "std": 0.00016192681933768118
  },
  "open_x": {
    "lower": 0.0015086,
    "upper": 43779.82400000038,
    "mean": 708.9538149520588,
    "std": 4957.719500858901
  },
  "high_x": {
    "lower": 0.001523328,
    "upper": 43920.0,
    "mean": 711.3943023502524,
    "std": 4973.307997542249
  },
  "low_x": {
    "lower": 0.001493064,
    "upper": 43631.768000000426,
    "mean": 706.4012508201389,
    "std": 4941.352086431897
  },
  "close_1h": {
    "lower": 0.0015086,
    "upper": 43782.07200000002,
    "mean": 708.9906203797417,
    "std": 4958.002864521994
  },
  "volume_x": {
    "lower": 1289.5976799999999,
    "upper": 6721900023.720311,
    "mean": 157557779.20744678,
    "std": 805425754.1491139
  },
  "fg_index_x": {
    "lower": 0.2,
    "upper": 0.87,
    "mean": 0.584805525546,
    "std": 0.16914510644280464
  },
  "funding_rate_x": {
    "lower": -0.00058516,
    "upper": 0.0006816660000000112,
    "mean": 6.677178540553067e-05,
    "std": 0.00016192681933768118
  },
  "ema_diff_1h": {
    "lower": -37.256582406624645,
    "upper": 55.80407006095776,
    "mean": 0.28584423690428906,
    "std": 7.831384081897444
  },
  "rsi_1h": {
    "lower": 22.633097962891025,
    "upper": 77.67769220152523,
    "mean": 49.70676565141545,
    "std": 11.380213254323781
  },
  "rsi_slope_1h": {
    "lower": -12.114043701296628,
    "upper": 11.748023460577542,
    "mean": 0.0013400725583888416,
    "std": 4.4110744806654365
  },
  "atr_pct_1h": {
    "lower": 0.003688607102999567,
    "upper": 0.05169662211202307,
    "mean": 0.01672222803891783,
    "std": 0.009134373911567118
  },
  "adx_1h": {
    "lower": 9.999866132131626,
    "upper": 61.164275978660235,
    "mean": 26.58792653827317,
    "std": 11.270442823376172
  },
  "adx_delta_1h": {
    "lower": -2.4327177954184678,
    "upper": 2.741897276097753,
    "mean": -0.0020522839876999984,
    "std": 1.1112074425926652
  },
  "cci_1h": {
    "lower": -240.6953062159972,
    "upper": 241.53472672670324,
    "mean": -1.2942734860738887,
    "std": 108.05193567501182
  },
  "cci_delta_1h": {
    "lower": -170.91354083442695,
    "upper": 168.21457185005897,
    "mean": 0.03142229606410064,
    "std": 57.38651952178184
  },
  "mfi_1h": {
    "lower": 12.26688462039701,
    "upper": 87.71809832368453,
    "mean": 49.10744266953159,
    "std": 17.472967360785272
  },
  "bb_width_1h": {
    "lower": 0.00010398409581578445,
    "upper": 912.9637343978796,
    "mean": 16.384060354420374,
    "std": 101.0517684883622
  },
  "boll_perc_1h": {
    "lower": -0.19878002338204548,
    "upper": 1.2027915298400846,
    "mean": 0.49417804405269694,
    "std": 0.3289897101408063
  },
  "kc_perc_1h": {
    "lower": -0.2204433590245686,
    "upper": 1.247165902875306,
    "mean": 0.4946985449373206,
    "std": 0.2954596919660441
  },
  "donchian_perc_1h": {
    "lower": 0.021978021978021834,
    "upper": 0.9832392499075127,
    "mean": 0.5027638907567051,
    "std": 0.27500254922858053
  },
  "donchian_delta_1h": {
    "lower": 0.0001349999999999997,
    "upper": 1223.0999999999985,
    "mean": 21.42175126396445,
    "std": 135.43069643814428
  },
  "vol_roc_1h": {
    "lower": -83.43899040122812,
    "upper": 610.3348744395303,
    "mean": 32.54574185409142,
    "std": 115.84157472273606
  },
  "vol_ma_ratio_1h": {
    "lower": 0.27888499094218866,
    "upper": 3.326315901951792,
    "mean": 1.0144571066008943,
    "std": 0.5649980982280441
  },
  "bull_streak_1h": {
    "lower": 0.0,
    "upper": 5.0,
    "mean": 0.9014071209124688,
    "std": 1.2008150204107597
  },
  "bear_streak_1h": {
    "lower": 0.0,
    "upper": 5.0,
    "mean": 0.9060251111049838,
    "std": 1.2013573902736914
  },
  "rsi_mul_vol_ma_ratio_1h": {
    "lower": 11.472318075224761,
    "upper": 184.10049643512144,
    "mean": 50.282443356880734,
    "std": 31.00902028943323
  },
  "willr_1h": {
    "lower": -97.83549783549783,
    "upper": -1.6085790884719202,
    "mean": -49.587753615663104,
    "std": 27.503744246625708
  },
  "macd_1h": {
    "lower": -16.73527281765695,
    "upper": 23.04117900417087,
    "mean": 0.10089880368615978,
    "std": 3.334911135710757
  },
  "macd_signal_1h": {
    "lower": -15.580174683554986,
    "upper": 22.34390220155108,
    "mean": 0.10670068961200699,
    "std": 3.185972933603809
  },
  "macd_hist_1h": {
    "lower": -6.375657483865144,
    "upper": 6.032318262967082,
    "mean": -0.00571167928461764,
    "std": 1.0299423763486726
  },
  "obv_1h": {
    "lower": -532568820845.04004,
    "upper": 167079184490.92007,
    "mean": -7617010046.635556,
    "std": 69284413361.36046
  },
  "obv_delta_1h": {
    "lower": -2444404524.0470004,
    "upper": 2380305423.4978027,
    "mean": -1654041.7979946635,
    "std": 397026459.4026526
  },
  "supertrend_dir_1h": {
    "lower": -1.0,
    "upper": 1.0,
    "mean": -0.02431484215530718,
    "std": 0.9997053505211738
  },
  "open_y": {
    "lower": 0.00150759599,
    "upper": 43772.23427999948,
    "mean": 708.8624729567144,
    "std": 4956.923074397389
  },
  "high_y": {
    "lower": 0.00153830621,
    "upper": 44044.95471999952,
    "mean": 713.7717037967578,
    "std": 4987.926623534249
  },
  "low_y": {
    "lower": 0.00148,
    "upper": 43512.51823999984,
    "mean": 704.037477297304,
    "std": 4927.047403616916
  },
  "close_4h": {
    "lower": 0.0015075511,
    "upper": 43776.46092999963,
    "mean": 708.9621415111596,
    "std": 4957.643185091333
  },
  "volume_y": {
    "lower": 5662.421138599999,
    "upper": 28001592143.277817,
    "mean": 656285291.6220613,
    "std": 3356606344.220428
  },
  "fg_index_y": {
    "lower": 0.2,
    "upper": 0.87,
    "mean": 0.5848271758261782,
    "std": 0.169166914867858
  },
  "funding_rate_y": {
    "lower": -0.000584486859,
    "upper": 0.00068173,
    "mean": 6.680639578238723e-05,
    "std": 0.0001619019760752432
  },
  "ema_diff_4h": {
    "lower": -79.92041082843116,
    "upper": 135.794915492452,
    "mean": 0.8811276863402547,
    "std": 18.213842900235225
  },
  "rsi_4h": {
    "lower": 22.571937218425703,
    "upper": 78.9381573489996,
    "mean": 49.43136275392883,
    "std": 11.83168160817522
  },
  "rsi_slope_4h": {
    "lower": -12.383283895859961,
    "upper": 12.204705935799545,
    "mean": -3.390765691626144e-05,
    "std": 4.4316396441869434
  },
  "atr_pct_4h": {
    "lower": 0.008511204133891243,
    "upper": 0.09778702845431518,
    "mean": 0.03450683004088172,
    "std": 0.017330989922433516
  },
  "adx_4h": {
    "lower": 10.146084523879358,
    "upper": 59.91350244642621,
    "mean": 27.21850463090516,
    "std": 11.252342234715773
  },
  "adx_delta_4h": {
    "lower": -2.401483316155365,
    "upper": 2.8750548901604085,
    "mean": -0.0008646510655725567,
    "std": 1.1329588438530211
  },
  "cci_4h": {
    "lower": -240.8387309254592,
    "upper": 244.47468904767342,
    "mean": -1.9468363949279683,
    "std": 108.23871128915216
  },
  "cci_delta_4h": {
    "lower": -165.65848023641786,
    "upper": 169.22847318158733,
    "mean": 0.016390364071401587,
    "std": 56.01425369157496
  },
  "mfi_4h": {
    "lower": 12.006767383779382,
    "upper": 87.37468629941647,
    "mean": 49.457282580461225,
    "std": 17.135796894823645
  },
  "bb_width_4h": {
    "lower": 0.00022743461477971747,
    "upper": 2181.605067460856,
    "mean": 37.75757249948003,
    "std": 240.44189004231075
  },
  "boll_perc_4h": {
    "lower": -0.19450250470649413,
    "upper": 1.2085581045477656,
    "mean": 0.4932573853701948,
    "std": 0.3308982623805751
  },
  "kc_perc_4h": {
    "lower": -0.21082077147896333,
    "upper": 1.264060124874032,
    "mean": 0.48958622110301225,
    "std": 0.2977087607759333
  },
  "donchian_perc_4h": {
    "lower": 0.02551020408163268,