{
  "fg_index": {
    "lower": 0.1,
    "upper": 0.94,
    "mean": 0.5571970320824159,
    "std": 0.1959360863746275
  },
  "funding_rate": {
    "lower": -0.0020973,
    "upper": 0.00051878,
    "mean": 2.2733264700449484e-05,
    "std": 0.0005038257303410942
  },
  "ema10_ema50_1h": {
    "lower": -3.5475077489702023,
    "upper": 3.9721132387520774,
    "mean": 4.810984606520677e-19,
    "std": 1.000001
  },
  "rsi_1h": {
    "lower": -2.4510901952533715,
    "upper": 2.4879698284773553,
    "mean": 6.5084340646051685e-18,
    "std": 1.000001
  },
  "rsi_slope_1h": {
    "lower": -2.8562442975163655,
    "upper": 2.7401717376298023,
    "mean": 1.2938006187827263e-18,
    "std": 1.000001
  },
  "atr_pct_1h": {
    "lower": -1.5634687022619773,
    "upper": 4.384922697174704,
    "mean": 3.1907133925196845e-17,
    "std": 1.0000009999999997
  },
  "bb_width_1h": {
    "lower": -1.1652687878363508,
    "upper": 4.746131198593668,
    "mean": 9.196460615489932e-18,
    "std": 1.000001
  },
  "kc_perc_1h": {
    "lower": -2.6097262215680788,
    "upper": 2.66254838624952,
    "mean": -9.242560500786809e-18,
    "std": 1.000001
  },
  "vol_roc_1h": {
    "lower": -1.1877367037677995,
    "upper": 5.080831477368626,
    "mean": 1.719797593205642e-18,
    "std": 1.000001
  },
  "vol_ma_ratio_1h": {
    "lower": -1.1623592420550986,
    "upper": 4.686532556820751,
    "mean": 1.985381731833634e-17,
    "std": 1.000001
  },
  "bull_streak_1h": {
    "lower": -1.8352468809769282,
    "upper": 1.9613008616970364,
    "mean": -4.8502923104365004e-18,
    "std": 1.000001
  },
  "bear_streak_1h": {
    "lower": -1.8566650628110066,
    "upper": 1.9454830463839419,
    "mean": -1.1086382423854857e-17,
    "std": 1.0000009999999997
  },
  "fg_index_1h": {
    "lower": -1.9804680401504613,
    "upper": 1.755208333096399,
    "mean": -5.414659733174123e-16,
    "std": 1.000001
  },
  "fg_index_delta_1h": {
    "lower": -5.530257999595394,
    "upper": 6.714277460460444,
    "mean": -1.1107026122786438e-18,
    "std": 1.0000010000000001
  },
  "funding_rate_1h": {
    "lower": -5.251738919942244,
    "upper": 4.034276151017597,
    "mean": -5.629991963660738e-17,
    "std": 0.9844446377947783
  },
  "funding_rate_delta_1h": {
    "lower": -5.504218417912681,
    "upper": 5.538750416620625,
    "mean": -3.5005307665871623e-19,
    "std": 0.9844440249751659
  },
  "rsi_mul_vol_ma_ratio_1h": {
    "lower": -1.0963000149436009,
    "upper": 4.876066028837717,
    "mean": 8.74142740795267e-18,
    "std": 1.0000009999999997
  },
  "atr_pct_mul_bb_width_1h": {
    "lower": -0.8912700889988886,
    "upper": 5.934471727985057,
    "mean": -4.215044448766219e-18,
    "std": 1.000001
  },
  "ema10_ema50_4h": {
    "lower": -2.9769304781022576,
    "upper": 3.808565968522256,
    "mean": 1.8653498209606646e-05,
    "std": 1.0000273447428198
  },
  "rsi_4h": {
    "lower": -2.3471315296207833,
    "upper": 2.574596937998994,
    "mean": -0.00014191321681181229,
    "std": 0.9999948105170953
  },
  "rsi_slope_4h": {
    "lower": -2.8530425266372474,
    "upper": 2.8484454308454525,
    "mean": -0.00011560603179369275,
    "std": 1.000067089179909
  },
  "atr_pct_4h": {
    "lower": -1.7471708619947264,
    "upper": 4.089124226253483,
    "mean": 0.00011437720565246447,
    "std": 0.9996481377329519
  },
  "bb_width_4h": {
    "lower": -1.254723618379646,
    "upper": 4.476910188727154,
    "mean": 6.492299006302268e-05,
    "std": 0.9999405236240927
  },
  "kc_perc_4h": {
    "lower": -2.606030990995012,
    "upper": 2.814703898318373,
    "mean": -0.00027199056737818095,
    "std": 0.9999063053690591
  },
  "vol_roc_4h": {
    "lower": -1.2452324681466396,
    "upper": 5.033778448277768,
    "mean": 0.00022092270145484844,
    "std": 1.0000106191489921
  },
  "vol_ma_ratio_4h": {
    "lower": -1.221532002441234,
    "upper": 4.725976620077877,
    "mean": 0.00021154424031628787,
    "std": 1.000015364710279
  },
  "bull_streak_4h": {
    "lower": -1.8781561746018312,
    "upper": 1.9125736303209242,
    "mean": -3.799551733462921e-05,
    "std": 0.999980458025224
  },
  "bear_streak_4h": {
    "lower": -1.8767936367016493,
    "upper": 1.9027457287544198,
    "mean": 3.79272142941403e-05,
    "std": 0.9999922318166463
  },
  "fg_index_4h": {
    "lower": -1.9807498356127915,
    "upper": 1.755275497917792,
    "mean": -5.232041657820739e-05,
    "std": 1.0000821583529005
  },
  "fg_index_delta_4h": {
    "lower": -4.848366365623737,
    "upper": 4.8612800921027,
    "mean": -9.186480774033437e-06,
    "std": 1.0000813786254348
  },
  "funding_rate_4h": {
    "lower": -5.246181005568586,
    "upper": 4.0447917234105795,
    "mean": 0.00014490849657029052,
    "std": 0.9841593579391417
  },
  "funding_rate_delta_4h": {
    "lower": -4.131459892883946,
    "upper": 4.46423699862923,
    "mean": 6.762855593860896e-05,
    "std": 0.9844381625712213
  },
  "rsi_mul_vol_ma_ratio_4h": {
    "lower": -1.1612338520737087,
    "upper": 4.935335805804427,
    "mean": 0.0001605789999610328,
    "std": 1.0000409758550592
  },
  "atr_pct_mul_bb_width_4h": {
    "lower": -1.035317371073901,
    "upper": 5.408233946846556,
    "mean": 2.3975072345136385e-05,
    "std": 0.9998523321849458
  },
  "ema10_ema50_d1": {
    "lower": -2.147177171621066,
    "upper": 3.4600290741667132,
    "mean": -0.0003938925263440617,
    "std": 0.9997373667848132
  },
  "rsi_d1": {
    "lower": -2.277211825457625,
    "upper": 2.7495467958918094,
    "mean": -9.86150643730557e-05,
    "std": 1.0000356701578659
  },
  "rsi_slope_d1": {
    "lower": -2.831862072801312,
    "upper": 2.9990784655181204,
    "mean": -0.0003165320212689385,
    "std": 1.0005016822132486
  },
  "atr_pct_d1": {
    "lower": -3.526187141053923,
    "upper": 3.074652334340944,
    "mean": -0.0007435798220211057,
    "std": 0.9959088302878527
  },
  "bb_width_d1": {
    "lower": -1.5374218834292321,
    "upper": 4.034290606222668,
    "mean": 0.00033275563769027847,
    "std": 0.9996012926149086
  },
  "kc_perc_d1": {
    "lower": -2.4211497202702112,
    "upper": 3.096359417859016,
    "mean": 0.00021858229742447759,
    "std": 1.0001643787148715
  },
  "vol_roc_d1": {
    "lower": -1.3420554685956587,
    "upper": 5.111046637935903,
    "mean": 0.0012801335316032392,
    "std": 1.0000747510515442
  },
  "vol_ma_ratio_d1": {
    "lower": -1.342348085312748,
    "upper": 4.86229183728863,
    "mean": 0.0013001641352389562,
    "std": 0.9997228645054747
  },
  "bull_streak_d1": {
    "lower": -1.9196800799777842,
    "upper": 1.9855064089783523,
    "mean": -0.000950257286214655,
    "std": 0.9992980504568879
  },
  "bear_streak_d1": {
    "lower": -1.9790985420422218,
    "upper": 1.9196800799777842,
    "mean": 0.0009506339651646181,
    "std": 0.9993109085924216
  },
  "fg_index_d1": {
    "lower": -1.9520791930414012,
    "upper": 1.692684975661276,
    "mean": -0.00017753970987754905,
    "std": 1.000405022844319
  },
  "fg_index_delta_d1": {
    "lower": -2.57734192046492,
    "upper": 2.9121663767424497,
    "mean": -7.345242259944716e-05,
    "std": 1.0006980876415732
  },
  "funding_rate_d1": {
    "lower": -5.3690187161423175,
    "upper": 3.923457734612783,
    "mean": -1.0394803083100001e-05,
    "std": 0.9845224987521708
  },
  "funding_rate_delta_d1": {
    "lower": -3.8479270369162624,
    "upper": 3.9886973395498524,
    "mean": -6.098003025060418e-05,
    "std": 0.9831471365868736
  },
  "rsi_mul_vol_ma_ratio_d1": {
    "lower": -1.2586560918204082,
    "upper": 5.22118594021556,
    "mean": 0.0010683903922141973,
    "std": 0.9998738621845342
  },
  "atr_pct_mul_bb_width_d1": {
    "lower": -1.3258191659942056,
    "upper": 4.128086226335248,
    "mean": -0.0006718399404277254,
    "std": 0.9961619047866704
  }
}