{
  "fg_index": {
    "lower": 0.17,
    "upper": 0.88,
    "mean": 0.5642107242083995,
    "std": 0.19028123478851197
  },
  "funding_rate": {
    "lower": -0.00065212,
    "upper": 0.0004165020230000139,
    "mean": 3.3586180851992555e-05,
    "std": 0.00013573388233320725
  },
  "open_x": {
    "lower": 0.0017164220000000007,
    "upper": 64509.78899999998,
    "mean": 982.4960952867526,
    "std": 7411.453432049147
  },
  "high_x": {
    "lower": 0.0017380832500000002,
    "upper": 64776.91674999999,
    "mean": 986.6457823725392,
    "std": 7441.38832350089
  },
  "low_x": {
    "lower": 0.0016918555,
    "upper": 64300.65024999996,
    "mean": 978.8591905000408,
    "std": 7386.122766708272
  },
  "close_1h": {
    "lower": 0.0017163387500000005,
    "upper": 64515.89674999967,
    "mean": 982.5613348889894,
    "std": 7412.022817430955
  },
  "volume_x": {
    "lower": 1066.5294175000001,
    "upper": 7436248978.354976,
    "mean": 165808620.3393702,
    "std": 883750830.8589827
  },
  "fg_index_x": {
    "lower": 0.17,
    "upper": 0.88,
    "mean": 0.5642107242083995,
    "std": 0.19028123478851197
  },
  "funding_rate_x": {
    "lower": -0.00065212,
    "upper": 0.0004165020230000139,
    "mean": 3.3586180851992555e-05,
    "std": 0.00013573388233320725
  },
  "ema_diff_1h": {
    "lower": -42.58565812988378,
    "upper": 54.45313359445475,
    "mean": 0.1624408291481217,
    "std": 8.11419933321076
  },
  "rsi_1h": {
    "lower": 22.077642703786772,
    "upper": 77.98938628479536,
    "mean": 49.529442180034046,
    "std": 11.629777503477976
  },
  "rsi_slope_1h": {
    "lower": -12.040852301328739,
    "upper": 11.877106283651266,
    "mean": -0.0014921478112630596,
    "std": 4.4079646613249
  },
  "atr_pct_1h": {
    "lower": 0.004106251333149858,
    "upper": 0.05328389728111437,
    "mean": 0.018108194051354123,
    "std": 0.009269739300729217
  },
  "adx_1h": {
    "lower": 10.006725519161957,
    "upper": 61.34016503198694,
    "mean": 26.53137771858206,
    "std": 11.28144224012474
  },
  "adx_delta_1h": {
    "lower": -2.4576840715086696,
    "upper": 2.6755589680972776,
    "mean": -0.000546567276606009,
    "std": 1.1076404542897937
  },
  "cci_1h": {
    "lower": -238.2000435708981,
    "upper": 239.625668222344,
    "mean": -2.7684370885539638,
    "std": 108.3857224832328
  },
  "cci_delta_1h": {
    "lower": -167.04486488789684,
    "upper": 166.21965377273185,
    "mean": -0.014008163825337781,
    "std": 56.62546002108331
  },
  "mfi_1h": {
    "lower": 11.637747413683705,
    "upper": 87.94750091484607,
    "mean": 48.960593756714566,
    "std": 17.736670574386924
  },
  "bb_width_1h": {
    "lower": 0.00011659717901557017,
    "upper": 1321.3730067892159,
    "mean": 21.773554297093593,
    "std": 144.9051656742475
  },
  "boll_perc_1h": {
    "lower": -0.19620250513509713,
    "upper": 1.1983100418645547,
    "mean": 0.48906555824602693,
    "std": 0.33045515519317453
  },
  "kc_perc_1h": {
    "lower": -0.25054508215635063,
    "upper": 1.2592375482745994,
    "mean": 0.48954707526559754,
    "std": 0.3056016262256055
  },
  "donchian_perc_1h": {
    "lower": 0.01746974197727832,
    "upper": 0.9837998223154992,
    "mean": 0.49052631273845726,
    "std": 0.28251893101085085
  },
  "donchian_delta_1h": {
    "lower": 0.0001479999999999997,
    "upper": 1747.699999999997,
    "mean": 28.16874133171556,
    "std": 192.48653488900115
  },
  "vol_roc_1h": {
    "lower": -83.05036269190063,
    "upper": 598.0807306671867,
    "mean": 32.00569460637823,
    "std": 113.99370236307868
  },
  "vol_ma_ratio_1h": {
    "lower": 0.27860376836399325,
    "upper": 3.241222005173518,
    "mean": 1.013948733330945,
    "std": 0.5550828674809092
  },
  "bull_streak_1h": {
    "lower": 0.0,
    "upper": 5.0,
    "mean": 0.9010642694771647,
    "std": 1.2059338215466955
  },
  "bear_streak_1h": {
    "lower": 0.0,
    "upper": 6.0,
    "mean": 0.9437211545085072,
    "std": 1.2693954259638163
  },
  "rsi_mul_vol_ma_ratio_1h": {
    "lower": 11.49530004628511,
    "upper": 181.23124303713718,
    "mean": 50.07232356025804,
    "std": 30.65938900008519
  },
  "willr_1h": {
    "lower": -98.24160581115302,
    "upper": -1.5835828672964187,
    "mean": -50.710047224327745,
    "std": 28.183268319570576
  },
  "macd_1h": {
    "lower": -18.793060249335873,
    "upper": 22.41478016318116,
    "mean": 0.05554057113627143,
    "std": 3.4473378799488126
  },
  "macd_signal_1h": {
    "lower": -17.875017666681597,
    "upper": 21.62371366320922,
    "mean": 0.05655751053384038,
    "std": 3.3003802266784357
  },
  "macd_hist_1h": {
    "lower": -6.573827363994016,
    "upper": 6.111281132515931,
    "mean": -0.008993809288247065,
    "std": 1.061927783662361
  },
  "obv_1h": {
    "lower": -177605189870.34747,
    "upper": 628341580850.2146,
    "mean": 7015626912.687505,
    "std": 77884761668.91975
  },
  "obv_delta_1h": {
    "lower": -2620588844.7856007,
    "upper": 2568981390.576005,
    "mean": -1694905.9311351334,
    "std": 425065697.29750824
  },
  "supertrend_dir_1h": {
    "lower": -1.0,
    "upper": 1.0,
    "mean": -0.026368510481963675,
    "std": 0.99965329037649
  },
  "open_y": {
    "lower": 0.0017172159200000005,
    "upper": 64550.485079999795,
    "mean": 982.9022585395923,
    "std": 7414.795908305113
  },
  "high_y": {
    "lower": 0.001758,
    "upper": 64999.872639999885,
    "mean": 990.4614136094795,
    "std": 7468.123211843716
  },
  "low_y": {
    "lower": 0.0016677079600000001,
    "upper": 64126.53284999947,
    "mean": 975.4225905423225,
    "std": 7362.865891932846
  },
  "close_4h": {
    "lower": 0.001717,
    "upper": 64598.62489999909,
    "mean": 983.4006992145281,
    "std": 7419.108525456024
  },
  "volume_y": {
    "lower": 4666.947,
    "upper": 30220086670.38327,
    "mean": 681965275.3038952,
    "std": 3609209651.640134
  },
  "fg_index_y": {
    "lower": 0.17,
    "upper": 0.88,
    "mean": 0.5642730386990992,
    "std": 0.19031313123182264
  },
  "funding_rate_y": {
    "lower": -0.00065073,
    "upper": 0.00041684024199999993,
    "mean": 3.3669669732891025e-05,
    "std": 0.00013557172667497474
  },
  "ema_diff_4h": {
    "lower": -89.14353922941291,
    "upper": 114.7655118502555,
    "mean": 0.2761268399793861,
    "std": 17.117398989040833
  },
  "rsi_4h": {
    "lower": 22.646730009820057,
    "upper": 78.86301973851853,
    "mean": 49.191696546795974,
    "std": 11.969088227866179
  },
  "rsi_slope_4h": {
    "lower": -12.034686338638586,
    "upper": 12.351182988655559,
    "mean": -0.008230750217134403,
    "std": 4.417785604620531
  },
  "atr_pct_4h": {
    "lower": 0.009475508652437169,
    "upper": 0.10274431376173113,
    "mean": 0.03740474218809416,
    "std": 0.017730647141482897
  },
  "adx_4h": {
    "lower": 10.024387363840887,
    "upper": 58.283526292322136,
    "mean": 26.983787728462953,
    "std": 11.002200150779032
  },
  "adx_delta_4h": {
    "lower": -2.4262671317487907,
    "upper": 2.8067918496751534,
    "mean": -0.007679648575290402,
    "std": 1.1275683930162956
  },
  "cci_4h": {
    "lower": -239.02912490023516,
    "upper": 241.90671275551588,
    "mean": -4.6489770666590085,
    "std": 108.34353616503496
  },
  "cci_delta_4h": {
    "lower": -158.03907170960855,
    "upper": 164.5244042599766,
    "mean": -0.09432665737575396,
    "std": 54.61212269619882
  },
  "mfi_4h": {
    "lower": 10.633268308949226,
    "upper": 87.39797227313517,
    "mean": 49.033019201066615,
    "std": 17.43048225999826
  },
  "bb_width_4h": {
    "lower": 0.0002527762647082446,
    "upper": 3071.4891530981113,
    "mean": 50.085034415244024,
    "std": 339.9313468581715
  },
  "boll_perc_4h": {
    "lower": -0.19435055377266774,
    "upper": 1.20090923717915,
    "mean": 0.48454583162104103,
    "std": 0.3313072895428411
  },
  "kc_perc_4h": {
    "lower": -0.2301654719808053,
    "upper": 1.2743617697904628,
    "mean": 0.48221818381130505,
    "std": 0.30766553393001866
  },