{
  "fg_index": {
    "lower": 0.17,
    "upper": 0.9,
    "mean": 0.5580172925557837,
    "std": 0.19349811376474157
  },
  "funding_rate": {
    "lower": -0.0005446567999999999,
    "upper": 0.00041452,
    "mean": 3.693605849026231e-05,
    "std": 0.00012429984198744767
  },
  "open_x": {
    "lower": 0.00167797117,
    "upper": 63929.72046999952,
    "mean": 928.7294240899641,
    "std": 7187.39771934327
  },
  "high_x": {
    "lower": 0.0016987807800000001,
    "upper": 64142.18439999985,
    "mean": 932.15209882496,
    "std": 7212.02358736153
  },
  "low_x": {
    "lower": 0.00165559039,
    "upper": 63731.91503999976,
    "mean": 925.3861783489741,
    "std": 7163.677886381168
  },
  "close_1h": {
    "lower": 0.00167789039,
    "upper": 63929.710859999526,
    "mean": 928.7265878746132,
    "std": 7187.39621501317
  },
  "volume_x": {
    "lower": 1150.7582368,
    "upper": 7519162988.899299,
    "mean": 176849297.79883194,
    "std": 892033875.3777907
  },
  "fg_index_x": {
    "lower": 0.17,
    "upper": 0.9,
    "mean": 0.5580172925557837,
    "std": 0.19349811376474157
  },
  "funding_rate_x": {
    "lower": -0.0005446567999999999,
    "upper": 0.00041452,
    "mean": 3.693605849026231e-05,
    "std": 0.00012429984198744767
  },
  "ema_diff_1h": {
    "lower": -40.12952635216709,
    "upper": 47.496537044829445,
    "mean": 0.09156068460649763,
    "std": 7.337303878055684
  },
  "sma_10_1h": {
    "lower": 0.001681219226,
    "upper": 63957.41509700025,
    "mean": 929.1492064009067,
    "std": 7190.609379954434
  },
  "pct_chg1_1h": {
    "lower": -0.03790274003649283,
    "upper": 0.04003935728751792,
    "mean": -2.3243296801357818e-05,
    "std": 0.012020422353854497
  },
  "pct_chg3_1h": {
    "lower": -0.06412930210410991,
    "upper": 0.07037225946880706,
    "mean": -5.746791882383483e-05,
    "std": 0.02078176331416324
  },
  "pct_chg6_1h": {
    "lower": -0.08987151186910493,
    "upper": 0.10268448558083243,
    "mean": -8.460662888805641e-05,
    "std": 0.029700655117400988
  },
  "rsi_1h": {
    "lower": 21.91005795416705,
    "upper": 77.88641718161684,
    "mean": 49.482876061777134,
    "std": 11.644036294316859
  },
  "rsi_slope_1h": {
    "lower": -12.007556843801943,
    "upper": 11.799071029670943,
    "mean": -0.0023308087078562465,
    "std": 4.406611863873366
  },
  "atr_pct_1h": {
    "lower": 0.004196801980119764,
    "upper": 0.053167592990341045,
    "mean": 0.018378680975396796,
    "std": 0.009272526581181965
  },
  "atr_chg_1h": {
    "lower": -0.0016574878460338316,
    "upper": 0.0033550497310449925,
    "mean": -1.9156871564278513e-05,
    "std": 0.0007415795541152991
  },
  "adx_1h": {
    "lower": 10.053730853492212,
    "upper": 61.948170036282754,
    "mean": 26.619620596305687,
    "std": 11.39943171207844
  },
  "adx_delta_1h": {
    "lower": -2.4750819883681188,
    "upper": 2.672391242027771,
    "mean": -0.000985616382595662,
    "std": 1.1098691184152856
  },
  "cci_1h": {
    "lower": -237.77528997420353,
    "upper": 239.0536606086329,
    "mean": -2.8919137764668714,
    "std": 108.5020846908835
  },
  "cci_delta_1h": {
    "lower": -166.06285756421332,
    "upper": 164.6393678848239,
    "mean": -0.013342869228979237,
    "std": 56.3876824081079
  },
  "mfi_1h": {
    "lower": 11.575943920662498,
    "upper": 87.90084562167918,
    "mean": 48.90931742323057,
    "std": 17.74281669751688
  },
  "bb_width_1h": {
    "lower": 0.00011334545642113336,
    "upper": 1254.7776026148838,
    "mean": 20.13585639548535,
    "std": 135.99018214900772
  },
  "bb_width_chg_1h": {
    "lower": -8.75736817395944,
    "upper": 8.182640810511936,
    "mean": -0.012277760904542289,
    "std": 1.4076587962788658
  },
  "boll_perc_1h": {
    "lower": -0.1954655063095635,
    "upper": 1.1954362273824268,
    "mean": 0.48852831157088933,
    "std": 0.3308074784660729
  },
  "kc_perc_1h": {
    "lower": -0.25273567617963627,
    "upper": 1.2548280346587537,
    "mean": 0.4884405083630198,
    "std": 0.3058821538488376
  },
  "donchian_perc_1h": {
    "lower": 0.017241379310349945,
    "upper": 0.9839453181987502,
    "mean": 0.490902649313122,
    "std": 0.28307512783633326
  },
  "donchian_delta_1h": {
    "lower": 0.00014420000000000012,
    "upper": 1687.9000000000087,
    "mean": 26.252447960685245,
    "std": 182.93061249383888
  },
  "vol_roc_1h": {
    "lower": -82.84057253218518,
    "upper": 577.5429132256212,
    "mean": 31.21723311913654,
    "std": 111.29518197723633
  },
  "vol_ma_ratio_1h": {
    "lower": 0.2816010366243645,
    "upper": 3.1982182068881326,
    "mean": 1.01444703449737,
    "std": 0.5490488010328524
  },
  "bull_streak_1h": {
    "lower": 0.0,
    "upper": 5.0,
    "mean": 0.8983667321352098,
    "std": 1.2043565330998227
  },
  "bear_streak_1h": {
    "lower": 0.0,
    "upper": 6.0,
    "mean": 0.9405806518304118,
    "std": 1.2660720720531404
  },
  "rsi_mul_vol_ma_ratio_1h": {
    "lower": 11.56575408126287,
    "upper": 178.15472298102807,
    "mean": 50.00935192899022,
    "std": 30.218279482976747
  },
  "willr_1h": {
    "lower": -98.27586206896571,
    "upper": -1.5625000000001776,
    "mean": -50.66932504408143,
    "std": 28.23746845813174
  },
  "macd_1h": {
    "lower": -17.399541650419106,
    "upper": 20.232267601910213,
    "mean": 0.040135202999537344,
    "std": 3.150494464129763
  },
  "macd_signal_1h": {
    "lower": -16.530368276614045,
    "upper": 19.357693885555992,
    "mean": 0.039534525141802196,
    "std": 3.0031123512743885
  },
  "macd_hist_1h": {
    "lower": -5.9561626077204615,
    "upper": 5.721179016546041,
    "mean": -0.0059280336734838,
    "std": 0.9780304649158036
  },
  "obv_1h": {
    "lower": -197156170581.9706,
    "upper": 162220881604.23187,
    "mean": -3310720857.4324355,
    "std": 31489729068.83715
  },
  "obv_delta_1h": {
    "lower": -2627877343.635,
    "upper": 2540799181.8163905,
    "mean": -2432156.1188626615,
    "std": 431560806.32833153
  },
  "supertrend_dir_1h": {
    "lower": -1.0,
    "upper": 1.0,
    "mean": -0.026968117311753328,
    "std": 0.9996372941833689
  },
  "open_y": {
    "lower": 0.001677,
    "upper": 63960.0,
    "mean": 929.0356407548477,
    "std": 7189.973976049268
  },
  "high_y": {
    "lower": 0.0017183,
    "upper": 64348.2,
    "mean": 935.5923691721268,
    "std": 7236.551606778582
  },
  "low_y": {
    "lower": 0.001634,
    "upper": 63485.0,
    "mean": 921.4127295894307,
    "std": 7134.8143602640685
  },
  "close_4h": {
    "lower": 0.001676,
    "upper": 63959.9,
    "mean": 929.0239130472822,
    "std": 7189.962302826837
  },
  "volume_y": {
    "lower": 5038.733,
    "upper": 30488197725.0,
    "mean": 724972327.214796,
    "std": 3630451404.287643
  },
  "fg_index_y": {
    "lower": 0.17,
    "upper": 0.9,
    "mean": 0.5580390812681172,
    "std": 0.19354721527340796
  },
  "funding_rate_y": {
    "lower": -0.00054421,
    "upper": 0.0004145509259999963,
    "mean": 3.696295196950144e-05,
    "std": 0.00012427653506973064
  },
  "ema_diff_4h": {
    "lower": -90.18066172629324,
    "upper": 95.60458938628233,
    "mean": -0.037170024445765296,
    "std": 15.55866561465425
  },
  "sma_10_4h": {
    "lower": 0.00167178,
    "upper": 63967.83999999999,
    "mean": 929.6574863125767,
    "std": 7193.529040356553
  },
  "pct_chg1_4h": {
    "lower": -0.0734687868080095,
    "upper": 0.08331279270396852,
    "mean": -3.863672030421968e-05,
    "std": 0.024187622601533152
  },
  "pct_chg3_4h": {
    "lower": -0.1197268730708071,
    "upper": 0.14748201438848918,
    "mean": -0.00013523343286684072,
    "std": 0.042492883428895296
  },
  "pct_chg6_4h": {
    "lower": -0.16786520612091305,
    "upper": 0.21084337349397586,
    "mean": -0.0002570929514058056,
    "std": 0.060565671067042734
  },
  "rsi_4h": {
    "lower": 22.329395176867255,
    "upper": 78.91027125643953,
    "mean": 48.99052442049042,
    "std": 12.018082483505617
  },
  "rsi_slope_4h": {
    "lower": -11.978755241083626,