{
  "fg_index": {
    "lower": 0.2,
    "upper": 0.87,
    "mean": 0.5848055255459996,
    "std": 0.1691451064428047
  },
  "funding_rate": {
    "lower": -0.00058516,
    "upper": 0.0006816660000000112,
    "mean": 6.677178540553071e-05,
    "std": 0.00016192681933768126
  },
  "open_x": {
    "lower": 0.0015086,
    "upper": 43779.82400000038,
    "mean": 708.9538149520587,
    "std": 4957.719500858898
  },
  "high_x": {
    "lower": 0.001523328,
    "upper": 43920.0,
    "mean": 711.3943023502524,
    "std": 4973.3079975422515
  },
  "low_x": {
    "lower": 0.001493064,
    "upper": 43631.768000000426,
    "mean": 706.401250820138,
    "std": 4941.352086431898
  },
  "close_1h": {
    "lower": 0.0015086,
    "upper": 43782.07200000002,
    "mean": 708.9906203797419,
    "std": 4958.002864521994
  },
  "volume_x": {
    "lower": 1289.5976799999999,
    "upper": 6721900023.720311,
    "mean": 157557779.2074468,
    "std": 805425754.1491134
  },
  "fg_index_x": {
    "lower": 0.2,
    "upper": 0.87,
    "mean": 0.5848055255459996,
    "std": 0.1691451064428047
  },
  "funding_rate_x": {
    "lower": -0.00058516,
    "upper": 0.0006816660000000112,
    "mean": 6.677178540553071e-05,
    "std": 0.00016192681933768126
  },
  "ema_diff_1h": {
    "lower": -37.256582406624645,
    "upper": 55.80407006095776,
    "mean": 0.2858442369042892,
    "std": 7.831384081897448
  },
  "rsi_1h": {
    "lower": 22.633097962891025,
    "upper": 77.67769220152523,
    "mean": 49.70676565141544,
    "std": 11.380213254323783
  },
  "rsi_slope_1h": {
    "lower": -12.114043701296628,
    "upper": 11.748023460577542,
    "mean": 0.001340072558388841,
    "std": 4.4110744806654365
  },
  "atr_pct_1h": {
    "lower": 0.003688607102999567,
    "upper": 0.05169662211202307,
    "mean": 0.01672222803891784,
    "std": 0.009134373911567116
  },
  "adx_1h": {
    "lower": 9.999866132131626,
    "upper": 61.164275978660235,
    "mean": 26.587926538273173,
    "std": 11.27044282337617
  },
  "adx_delta_1h": {
    "lower": -2.4327177954184678,
    "upper": 2.741897276097753,
    "mean": -0.0020522839876999975,
    "std": 1.1112074425926652
  },
  "cci_1h": {
    "lower": -240.6953062159972,
    "upper": 241.53472672670324,
    "mean": -1.2942734860738887,
    "std": 108.05193567501179
  },
  "cci_delta_1h": {
    "lower": -170.91354083442695,
    "upper": 168.21457185005897,
    "mean": 0.03142229606410062,
    "std": 57.38651952178183
  },
  "mfi_1h": {
    "lower": 12.26688462039701,
    "upper": 87.71809832368453,
    "mean": 49.1074426695316,
    "std": 17.472967360785272
  },
  "bb_width_1h": {
    "lower": 0.00010398409581578445,
    "upper": 912.9637343978796,
    "mean": 16.38406035442039,
    "std": 101.05176848836219
  },
  "boll_perc_1h": {
    "lower": -0.19878002338204548,
    "upper": 1.2027915298400846,
    "mean": 0.49417804405269683,
    "std": 0.32898971014080636
  },
  "kc_perc_1h": {
    "lower": -0.2204433590245686,
    "upper": 1.247165902875306,
    "mean": 0.49469854493732035,
    "std": 0.2954596919660441
  },
  "donchian_perc_1h": {
    "lower": 0.021978021978021834,
    "upper": 0.9832392499075127,
    "mean": 0.5027638907567049,
    "std": 0.2750025492285806
  },
  "donchian_delta_1h": {
    "lower": 0.0001349999999999997,
    "upper": 1223.0999999999985,
    "mean": 21.421751263964453,
    "std": 135.43069643814428
  },
  "vol_roc_1h": {
    "lower": -83.43899040122812,
    "upper": 610.3348744395303,
    "mean": 32.545741854091446,
    "std": 115.84157472273607
  },
  "vol_ma_ratio_1h": {
    "lower": 0.27888499094218866,
    "upper": 3.326315901951792,
    "mean": 1.0144571066008947,
    "std": 0.564998098228044
  },
  "bull_streak_1h": {
    "lower": 0.0,
    "upper": 5.0,
    "mean": 0.9014071209124688,
    "std": 1.2008150204107597
  },
  "bear_streak_1h": {
    "lower": 0.0,
    "upper": 5.0,
    "mean": 0.9060251111049838,
    "std": 1.2013573902736916
  },
  "rsi_mul_vol_ma_ratio_1h": {
    "lower": 11.472318075224761,
    "upper": 184.10049643512144,
    "mean": 50.282443356880705,
    "std": 31.00902028943323
  },
  "willr_1h": {
    "lower": -97.83549783549783,
    "upper": -1.6085790884719202,
    "mean": -49.587753615663104,
    "std": 27.50374424662571
  },
  "macd_1h": {
    "lower": -16.73527281765695,
    "upper": 23.04117900417087,
    "mean": 0.10089880368615971,
    "std": 3.3349111357107555
  },
  "macd_signal_1h": {
    "lower": -15.580174683554986,
    "upper": 22.34390220155108,
    "mean": 0.10670068961200699,
    "std": 3.185972933603809
  },
  "macd_hist_1h": {
    "lower": -6.375657483865144,
    "upper": 6.032318262967082,
    "mean": -0.005711679284617638,
    "std": 1.0299423763486732
  },
  "obv_1h": {
    "lower": -532568820845.04004,
    "upper": 167079184490.92007,
    "mean": -7617010046.635561,
    "std": 69284413361.36049
  },
  "obv_delta_1h": {
    "lower": -2444404524.0470004,
    "upper": 2380305423.4978027,
    "mean": -1654041.7979946644,
    "std": 397026459.4026528
  },
  "supertrend_dir_1h": {
    "lower": -1.0,
    "upper": 1.0,
    "mean": -0.02431484215530718,
    "std": 0.999705350521174
  },
  "open_y": {
    "lower": 0.00150759599,
    "upper": 43772.23427999948,
    "mean": 708.8624729567147,
    "std": 4956.923074397389
  },
  "high_y": {
    "lower": 0.00153830621,
    "upper": 44044.95471999952,
    "mean": 713.7717037967581,
    "std": 4987.92662353425
  },
  "low_y": {
    "lower": 0.00148,
    "upper": 43512.51823999984,
    "mean": 704.037477297304,
    "std": 4927.047403616916
  },
  "close_4h": {
    "lower": 0.0015075511,
    "upper": 43776.46092999963,
    "mean": 708.9621415111598,
    "std": 4957.643185091334
  },
  "volume_y": {
    "lower": 5662.421138599999,
    "upper": 28001592143.277817,
    "mean": 656285291.6220608,
    "std": 3356606344.220427
  },
  "fg_index_y": {
    "lower": 0.2,
    "upper": 0.87,
    "mean": 0.5848271758261783,
    "std": 0.169166914867858
  },
  "funding_rate_y": {
    "lower": -0.000584486859,
    "upper": 0.00068173,
    "mean": 6.680639578238726e-05,
    "std": 0.0001619019760752432
  },
  "ema_diff_4h": {
    "lower": -79.92041082843116,
    "upper": 135.794915492452,
    "mean": 0.8811276863402546,
    "std": 18.213842900235235
  },
  "rsi_4h": {
    "lower": 22.571937218425703,
    "upper": 78.9381573489996,
    "mean": 49.43136275392881,
    "std": 11.831681608175218
  },
  "rsi_slope_4h": {
    "lower": -12.383283895859961,
    "upper": 12.204705935799545,
    "mean": -3.390765691626182e-05,
    "std": 4.4316396441869434
  },
  "atr_pct_4h": {
    "lower": 0.008511204133891243,
    "upper": 0.09778702845431518,
    "mean": 0.03450683004088171,
    "std": 0.017330989922433523
  },
  "adx_4h": {
    "lower": 10.146084523879358,
    "upper": 59.91350244642621,
    "mean": 27.218504630905144,
    "std": 11.252342234715773
  },
  "adx_delta_4h": {
    "lower": -2.401483316155365,
    "upper": 2.8750548901604085,
    "mean": -0.0008646510655725566,
    "std": 1.1329588438530216
  },
  "cci_4h": {
    "lower": -240.8387309254592,
    "upper": 244.47468904767342,
    "mean": -1.9468363949279672,
    "std": 108.23871128915214
  },
  "cci_delta_4h": {
    "lower": -165.65848023641786,
    "upper": 169.22847318158733,
    "mean": 0.016390364071401566,
    "std": 56.014253691574964
  },
  "mfi_4h": {
    "lower": 12.006767383779382,
    "upper": 87.37468629941647,
    "mean": 49.45728258046123,
    "std": 17.135796894823645
  },
  "bb_width_4h": {
    "lower": 0.00022743461477971747,
    "upper": 2181.605067460856,
    "mean": 37.75757249948,
    "std": 240.44189004231077
  },
  "boll_perc_4h": {
    "lower": -0.19450250470649413,
    "upper": 1.2085581045477656,
    "mean": 0.4932573853701947,
    "std": 0.3308982623805751
  },
  "kc_perc_4h": {
    "lower": -0.21082077147896333,
    "upper": 1.264060124874032,
    "mean": 0.48958622110301236,
    "std": 0.2977087607759332
  },
  "donchian_perc_4h": {
    "lower": 0.02551020408163268,