{
  "fg_index": {
    "lower": 0.17,
    "upper": 0.88,
    "mean": 0.5645563677284764,
    "std": 0.19055168631187913
  },
  "funding_rate": {
    "lower": -0.00057332,
    "upper": 0.0004183,
    "mean": 3.6444048165371375e-05,
    "std": 0.00012916440874714415
  },
  "open_x": {
    "lower": 0.00170154608,
    "upper": 64906.95584000062,
    "mean": 998.4538170191382,
    "std": 7490.362092389852
  },
  "high_x": {
    "lower": 0.00172441536,
    "upper": 65163.59312000025,
    "mean": 1002.548188212317,
    "std": 7519.576772376866
  },
  "low_x": {
    "lower": 0.00167893072,
    "upper": 64630.0,
    "mean": 994.0897580277953,
    "std": 7459.059631501989
  },
  "close_1h": {
    "lower": 0.0017015,
    "upper": 64911.16240000027,
    "mean": 998.5008078739161,
    "std": 7490.771984585531
  },
  "volume_x": {
    "lower": 1050.7958224,
    "upper": 7578062133.293104,
    "mean": 176886278.39425915,
    "std": 905037119.1355808
  },
  "fg_index_x": {
    "lower": 0.17,
    "upper": 0.88,
    "mean": 0.5645563677284764,
    "std": 0.19055168631187913
  },
  "funding_rate_x": {
    "lower": -0.00057332,
    "upper": 0.0004183,
    "mean": 3.6444048165371375e-05,
    "std": 0.00012916440874714415
  },
  "ema_diff_1h": {
    "lower": -43.578529706968695,
    "upper": 55.781996319902746,
    "mean": 0.17021875865208602,
    "std": 8.305699348817235
  },
  "rsi_1h": {
    "lower": 22.16542895146891,
    "upper": 77.94345907443835,
    "mean": 49.52195389797314,
    "std": 11.600433914207091
  },
  "rsi_slope_1h": {
    "lower": -11.99434879803736,
    "upper": 11.893684368141113,
    "mean": -0.002124640801363283,
    "std": 4.409551678599596
  },
  "atr_pct_1h": {
    "lower": 0.004091692077840582,
    "upper": 0.05320245822166808,
    "mean": 0.018316575339144936,
    "std": 0.009243394232052223
  },
  "adx_1h": {
    "lower": 10.035524505104135,
    "upper": 61.37281479569137,
    "mean": 26.489331142828696,
    "std": 11.28106821274875
  },
  "adx_delta_1h": {
    "lower": -2.4498035929647237,
    "upper": 2.670063709289769,
    "mean": 0.0010158637380173138,
    "std": 1.1049715153809283
  },
  "cci_1h": {
    "lower": -237.90567040354543,
    "upper": 239.44015022505576,
    "mean": -2.940268254464885,
    "std": 108.33419105085471
  },
  "cci_delta_1h": {
    "lower": -166.71619137213457,
    "upper": 166.07400156859146,
    "mean": -0.005073192084188421,
    "std": 56.63032091561994
  },
  "mfi_1h": {
    "lower": 11.653372547050171,
    "upper": 87.84688498560558,
    "mean": 48.90960798155124,
    "std": 17.69713959138524
  },
  "bb_width_1h": {
    "lower": 0.00013588248774101396,
    "upper": 1339.811061948136,
    "mean": 22.21637988972296,
    "std": 147.41515645743635
  },
  "boll_perc_1h": {
    "lower": -0.19528921825899032,
    "upper": 1.1975127734817392,
    "mean": 0.4884174538851461,
    "std": 0.3303994579164143
  },
  "kc_perc_1h": {
    "lower": -0.24635163447029407,
    "upper": 1.2563587950023107,
    "mean": 0.4893661408393984,
    "std": 0.3042434639780091
  },
  "donchian_perc_1h": {
    "lower": 0.017622659399278033,
    "upper": 0.9834710743801659,
    "mean": 0.4899364768293931,
    "std": 0.2819909213254521
  },
  "donchian_delta_1h": {
    "lower": 0.00016970000000000006,
    "upper": 1767.8999999999942,
    "mean": 28.706380636349373,
    "std": 195.43063693166877
  },
  "vol_roc_1h": {
    "lower": -82.88263804651749,
    "upper": 580.3922867618402,
    "mean": 31.42673255121937,
    "std": 111.9303233368374
  },
  "vol_ma_ratio_1h": {
    "lower": 0.28055093554713545,
    "upper": 3.210272322852834,
    "mean": 1.014331069867297,
    "std": 0.5508566502482132
  },
  "bull_streak_1h": {
    "lower": 0.0,
    "upper": 5.0,
    "mean": 0.8979326228073878,
    "std": 1.202992569621574
  },
  "bear_streak_1h": {
    "lower": 0.0,
    "upper": 6.0,
    "mean": 0.9427318611344443,
    "std": 1.2676016319561973
  },
  "rsi_mul_vol_ma_ratio_1h": {
    "lower": 11.590644702951735,
    "upper": 179.45588098108354,
    "mean": 50.08202926213086,
    "std": 30.423954316078422
  },
  "willr_1h": {
    "lower": -98.23099328678144,
    "upper": -1.61290322580657,
    "mean": -50.76327659571308,
    "std": 28.12618868565109
  },
  "macd_1h": {
    "lower": -19.22130657934508,
    "upper": 22.886180824686367,
    "mean": 0.05738775169168959,
    "std": 3.522741787023408
  },
  "macd_signal_1h": {
    "lower": -18.300797616921056,
    "upper": 22.214764199329714,
    "mean": 0.06002852855590661,
    "std": 3.3827512216791185
  },
  "macd_hist_1h": {
    "lower": -6.724268444709498,
    "upper": 6.213913865642518,
    "mean": -0.009988993876876481,
    "std": 1.0835203137765381
  },
  "obv_1h": {
    "lower": -179510015198.2832,
    "upper": 632443590209.893,
    "mean": 6704990417.781766,
    "std": 79001174554.72263
  },
  "obv_delta_1h": {
    "lower": -2737560168.9126997,
    "upper": 2663913121.9545727,
    "mean": -2040666.0070580298,
    "std": 449214868.552734
  },
  "supertrend_dir_1h": {
    "lower": -1.0,
    "upper": 1.0,
    "mean": -0.023332057084708455,
    "std": 0.9997287705016484
  },
  "open_y": {
    "lower": 0.0017009,
    "upper": 64850.70699999936,
    "mean": 997.8818336713732,
    "std": 7485.373766715698
  },
  "high_y": {
    "lower": 0.0017449,
    "upper": 65398.564399999595,
    "mean": 1006.5241395618389,
    "std": 7547.472416491572
  },
  "low_y": {
    "lower": 0.001658,
    "upper": 64404.437679999486,
    "mean": 990.0846388710112,
    "std": 7431.213791678451
  },
  "close_4h": {
    "lower": 0.0017005158400000002,
    "upper": 64853.89307999991,
    "mean": 997.9328723679384,
    "std": 7485.846161493293
  },
  "volume_y": {
    "lower": 4604.395279600001,
    "upper": 30773055276.575016,
    "mean": 726462630.4755785,
    "std": 3690081095.72898
  },
  "fg_index_y": {
    "lower": 0.17,
    "upper": 0.88,
    "mean": 0.564618782615281,
    "std": 0.19058299275858415
  },
  "funding_rate_y": {
    "lower": -0.00057216,
    "upper": 0.0004183,
    "mean": 3.653115886442797e-05,
    "std": 0.0001290375641573842
  },
  "ema_diff_4h": {
    "lower": -90.3976887488443,
    "upper": 118.761229429912,
    "mean": 0.3111774762657654,
    "std": 17.56193992765715
  },
  "rsi_4h": {
    "lower": 22.67023228143448,
    "upper": 78.93837015067383,
    "mean": 49.208442613989725,
    "std": 11.939045969739174
  },
  "rsi_slope_4h": {
    "lower": -12.0024828475714,
    "upper": 12.328277749229628,
    "mean": -0.009983385933439878,
    "std": 4.416513118100998
  },
  "atr_pct_4h": {
    "lower": 0.009425198081501114,
    "upper": 0.10240815203006277,
    "mean": 0.037782855926070745,
    "std": 0.01763225187528085
  },
  "adx_4h": {
    "lower": 9.932959557792088,
    "upper": 58.482322538643224,
    "mean": 26.901446086218023,
    "std": 11.056029504357252
  },
  "adx_delta_4h": {
    "lower": -2.438074219394963,
    "upper": 2.8127224394383923,
    "mean": -0.007971914627228611,
    "std": 1.1304810475562321
  },
  "cci_4h": {
    "lower": -237.9397659646106,
    "upper": 242.11782952403635,
    "mean": -4.620994246890235,
    "std": 108.30430766571166
  },
  "cci_delta_4h": {
    "lower": -156.96717403088206,
    "upper": 164.65080301670918,
    "mean": -0.13739359898161552,
    "std": 54.60688752555055
  },
  "mfi_4h": {
    "lower": 10.599149796850153,
    "upper": 87.2590327283884,
    "mean": 48.98567320533667,
    "std": 17.383739014449944
  },
  "bb_width_4h": {
    "lower": 0.00029412357368588686,
    "upper": 3112.32454459609,
    "mean": 51.08846142352174,
    "std": 345.56206780331195
  },
  "boll_perc_4h": {
    "lower": -0.19322982720124735,
    "upper": 1.201769086035618,
    "mean": 0.48472565107267435,
    "std": 0.3311330985968698
  },
  "kc_perc_4h": {
    "lower": -0.22732323483061445,
    "upper": 1.2779780267049914,
    "mean": 0.4827903768700936,
    "std": 0.3064080110818315
  },
  "donchian_perc_4h": {
    "lower": 0.02003039093797481,
    "upper": 0.9806866952789701,