{
  "fg_index": {
    "lower": 0.17,
    "upper": 0.9,
    "mean": 0.5581135374411511,
    "std": 0.19373342133806132
  },
  "funding_rate": {
    "lower": -0.00054294,
    "upper": 0.00041529,
    "mean": 3.7100127820361534e-05,
    "std": 0.00012414872822067932
  },
  "open_x": {
    "lower": 0.00167878319,
    "upper": 63919.04136000015,
    "mean": 928.8915335129514,
    "std": 7187.637418167136
  },
  "high_x": {
    "lower": 0.00169896638,
    "upper": 64140.0,
    "mean": 932.4009773549493,
    "std": 7213.013481239816
  },
  "low_x": {
    "lower": 0.0016559,
    "upper": 63731.03362,
    "mean": 925.6439969100949,
    "std": 7164.768973227755
  },
  "close_1h": {
    "lower": 0.00167849914,
    "upper": 63919.04136000015,
    "mean": 928.888622190387,
    "std": 7187.636740198707
  },
  "volume_x": {
    "lower": 1153.5111251,
    "upper": 7533219025.191604,
    "mean": 177052333.67061377,
    "std": 893424028.0398977
  },
  "fg_index_x": {
    "lower": 0.17,
    "upper": 0.9,
    "mean": 0.5581135374411511,
    "std": 0.19373342133806132
  },
  "funding_rate_x": {
    "lower": -0.00054294,
    "upper": 0.00041529,
    "mean": 3.7100127820361534e-05,
    "std": 0.00012414872822067932
  },
  "ema_diff_1h": {
    "lower": -40.2633830349438,
    "upper": 47.452573235932334,
    "mean": 0.089037971522405,
    "std": 7.344968618834975
  },
  "rsi_1h": {
    "lower": 21.89964915351743,
    "upper": 77.9008206797315,
    "mean": 49.467679962798506,
    "std": 11.649324641947693
  },
  "rsi_slope_1h": {
    "lower": -12.011690853289487,
    "upper": 11.804673704251618,
    "mean": -0.0014396231927836479,
    "std": 4.4087572145799
  },
  "atr_pct_1h": {
    "lower": 0.004203123348537219,
    "upper": 0.053161151424201164,
    "mean": 0.018387965531972188,
    "std": 0.00927343488846276
  },
  "adx_1h": {
    "lower": 10.051130499846668,
    "upper": 61.96228997684212,
    "mean": 26.620468650135887,
    "std": 11.405164667727012
  },
  "adx_delta_1h": {
    "lower": -2.475546821938741,
    "upper": 2.673209883423806,
    "mean": -0.0008789407073340999,
    "std": 1.110210180343239
  },
  "cci_1h": {
    "lower": -237.8665558746206,
    "upper": 239.09243938791894,
    "mean": -2.9524070925354255,
    "std": 108.53880988851762
  },
  "cci_delta_1h": {
    "lower": -166.16535391368936,
    "upper": 164.69985906346275,
    "mean": 0.002058571832233471,
    "std": 56.40585252292306
  },
  "mfi_1h": {
    "lower": 11.567144522932658,
    "upper": 87.89288942716134,
    "mean": 48.88488892846699,
    "std": 17.742664511409025
  },
  "bb_width_1h": {
    "lower": 0.0001134413697233049,
    "upper": 1255.0935690313902,
    "mean": 20.148832450482715,
    "std": 136.0346814613158
  },
  "boll_perc_1h": {
    "lower": -0.1958853482465479,
    "upper": 1.1955508523988767,
    "mean": 0.48820424108588384,
    "std": 0.3309502773095425
  },
  "kc_perc_1h": {
    "lower": -0.25301364497401246,
    "upper": 1.2548514344023844,
    "mean": 0.48805992671178733,
    "std": 0.30599851178186704
  },
  "donchian_perc_1h": {
    "lower": 0.017241379310344803,
    "upper": 0.9839656899942157,
    "mean": 0.4905693180198572,
    "std": 0.28310807451599596
  },
  "donchian_delta_1h": {
    "lower": 0.0001448999999999999,
    "upper": 1688.699999999997,
    "mean": 26.276046357990467,
    "std": 183.05185129983056
  },
  "vol_roc_1h": {
    "lower": -82.8454619822042,
    "upper": 577.7141304153362,
    "mean": 31.26607852423992,
    "std": 111.34867538515027
  },
  "vol_ma_ratio_1h": {
    "lower": 0.28153190608320716,
    "upper": 3.1987894526181035,
    "mean": 1.014692471149415,
    "std": 0.5493268509930405
  },
  "bull_streak_1h": {
    "lower": 0.0,
    "upper": 5.0,
    "mean": 0.898355194978237,
    "std": 1.2042153969055247
  },
  "bear_streak_1h": {
    "lower": 0.0,
    "upper": 6.0,
    "mean": 0.9404924051757321,
    "std": 1.2660779006517093
  },
  "rsi_mul_vol_ma_ratio_1h": {
    "lower": 11.559521780011053,
    "upper": 178.17543714827542,
    "mean": 50.005910564430515,
    "std": 30.227760831314782
  },
  "willr_1h": {
    "lower": -98.27875945705554,
    "upper": -1.5624999999998224,
    "mean": -50.687722265820994,
    "std": 28.239776377407928
  },
  "macd_1h": {
    "lower": -17.457736651281945,
    "upper": 20.227268856433227,
    "mean": 0.03875854314428079,
    "std": 3.1545964053949276
  },
  "macd_signal_1h": {
    "lower": -16.583891760791996,
    "upper": 19.348862837285303,
    "mean": 0.03851948458507901,
    "std": 3.006560540287478
  },
  "macd_hist_1h": {
    "lower": -5.970457084220116,
    "upper": 5.715674867580156,
    "mean": -0.006515294079825887,
    "std": 0.9788652267647094
  },
  "obv_1h": {
    "lower": -196340671297.4802,
    "upper": 163935225416.91162,
    "mean": -3280066752.217999,
    "std": 31513296292.59535
  },
  "obv_delta_1h": {
    "lower": -2629133528.2230997,
    "upper": 2540630035.238894,
    "mean": -2447511.040001511,
    "std": 431649611.4330486
  },
  "supertrend_dir_1h": {
    "lower": -1.0,
    "upper": 1.0,
    "mean": -0.028555354869274272,
    "std": 0.9995932127089076
  },
  "open_y": {
    "lower": 0.0016775775000000006,
    "upper": 63950.413500000504,
    "mean": 929.2097496502287,
    "std": 7190.308475240501
  },
  "high_y": {
    "lower": 0.001719281750000001,
    "upper": 64344.67725000018,
    "mean": 935.8309205294469,
    "std": 7237.431963938703
  },
  "low_y": {
    "lower": 0.0016343465000000002,
    "upper": 63468.65675000085,
    "mean": 921.5144812672017,
    "std": 7134.543089316451
  },
  "close_4h": {
    "lower": 0.0016765775000000004,
    "upper": 63950.313500000506,
    "mean": 929.1971146819151,
    "std": 7190.2967357756625
  },
  "volume_y": {
    "lower": 5045.591042500001,
    "upper": 30506505474.298813,
    "mean": 725399056.3118435,
    "std": 3632677210.0681987
  },
  "fg_index_y": {
    "lower": 0.17,
    "upper": 0.9,
    "mean": 0.5581354275286756,
    "std": 0.1937826893804613
  },
  "funding_rate_y": {
    "lower": -0.00054232,
    "upper": 0.00041529,
    "mean": 3.713482184864987e-05,
    "std": 0.00012411165732677712
  },
  "ema_diff_4h": {
    "lower": -90.24161008043711,
    "upper": 96.68136801313813,
    "mean": -0.021741235800918763,
    "std": 15.63892497002262
  },
  "rsi_4h": {
    "lower": 22.33250603333339,
    "upper": 78.92151831443952,
    "mean": 48.987761794989375,
    "std": 12.028888396035004
  },
  "rsi_slope_4h": {
    "lower": -11.980218619536192,
    "upper": 12.19783740427733,
    "mean": -0.003368127029321303,
    "std": 4.413428748470354
  },
  "atr_pct_4h": {
    "lower": 0.009719661007224196,
    "upper": 0.10189343901338392,
    "mean": 0.03799940088881656,
    "std": 0.01767312504405446
  },
  "adx_4h": {
    "lower": 10.102643326348803,
    "upper": 58.4914509142586,
    "mean": 27.18384675335034,
    "std": 11.102116943835357
  },
  "adx_delta_4h": {
    "lower": -2.425750441885313,
    "upper": 2.8278575179526477,
    "mean": -0.003663482142339552,
    "std": 1.135106762876018
  },
  "cci_4h": {
    "lower": -238.53444363528865,
    "upper": 241.25941136208107,
    "mean": -4.864448156608396,
    "std": 108.41216091983974
  },
  "cci_delta_4h": {
    "lower": -154.66121095252998,
    "upper": 161.59292226873973,
    "mean": -0.045583926797336194,
    "std": 54.07080176337535
  },
  "mfi_4h": {
    "lower": 10.423439810855772,
    "upper": 87.55458061197866,
    "mean": 48.773119058287264,
    "std": 17.51081801439737
  },
  "bb_width_4h": {
    "lower": 0.0002480170155673249,
    "upper": 2924.0075810619164,
    "mean": 46.36192759431479,
    "std": 319.92857920512114
  },
  "boll_perc_4h": {
    "lower": -0.1987933507479556,
    "upper": 1.198880842927961,
    "mean": 0.4831961981904556,
    "std": 0.3321070785086089
  },
  "kc_perc_4h": {
    "lower": -0.2364383739574649,
    "upper": 1.2749073280862562,
    "mean": 0.4785409107753341,
    "std": 0.3092716364925501
  },
  "donchian_perc_4h": {
    "lower": 0.020236471123237124,